Year,Fatal/non-fatal,Sex,Nationality,Value
1980.0,Total,Both,All,8.0
1981.0,Total,Both,All,8.0
1982.0,Total,Both,All,7.0
1983.0,Total,Both,All,3.0
1984.0,Total,Both,All,344.0
1985.0,Total,Both,All,358.0
1986.0,Total,Both,All,380.0
1987.0,Total,Both,All,403.0
1988.0,Total,Both,All,417.0
1989.0,Total,Both,All,444.0
1990.0,Total,Both,All,763.0
1991.0,Total,Both,All,668.0
1992.0,Total,Both,All,672.0
1993.0,Total,Both,All,670.0
1994.0,Total,Both,All,673.0
1995.0,Total,Both,All,884.0
1996.0,Total,Both,All,1084.0
1997.0,Total,Both,All,1236.0
1998.0,Total,Both,All,1337.0
1999.0,Total,Both,All,1360.0
2000.0,Total,Both,All,1444.0
2001.0,Total,Both,All,1419.0
2002.0,Total,Both,All,1398.0
2003.0,Total,Both,All,1476.0
2004.0,Total,Both,All,1879.0
2005.0,Total,Both,All,1633.0
2006.0,Total,Both,All,1740.0
2007.0,Total,Both,All,1926.0
2008.0,Total,Both,All,1865.0
2009.0,Total,Both,All,1367.0
2010.0,Total,Both,All,1339.0
2011.0,Total,Both,All,1557.0
2012.0,Total,Both,All,1642.0
2013.0,Total,Both,All,1803.0
2014.0,Total,Both,All,1967.0
2015.0,Total,Both,All,2085.0
2016.0,Total,Both,All,2117.0
2017.0,Total,Both,All,2137.0
2018.0,Total,Both,All,2204.0
2019.0,Total,Both,All,2234.0
2020.0,Total,Both,All,1810.0
2021.0,Total,Both,All,1877.0
2022.0,Total,Both,All,1950.0
1980.0,Fatal,Both,All,8.0
1981.0,Fatal,Both,All,8.0
1982.0,Fatal,Both,All,7.0
1983.0,Fatal,Both,All,3.0
1984.0,Fatal,Both,All,5.0
1985.0,Fatal,Both,All,6.0
1986.0,Fatal,Both,All,5.0
1987.0,Fatal,Both,All,4.0
1988.0,Fatal,Both,All,1.0
1989.0,Fatal,Both,All,7.0
1990.0,Fatal,Both,All,5.0
1991.0,Fatal,Both,All,9.0
1992.0,Fatal,Both,All,4.0
1993.0,Fatal,Both,All,4.0
1994.0,Fatal,Both,All,8.0
1995.0,Fatal,Both,All,3.0
1996.0,Fatal,Both,All,3.0
1997.0,Fatal,Both,All,4.0
1998.0,Fatal,Both,All,2.0
1999.0,Fatal,Both,All,7.0
2000.0,Fatal,Both,All,4.0
2001.0,Fatal,Both,All,3.0
2002.0,Fatal,Both,All,0.0
2003.0,Fatal,Both,All,4.0
2004.0,Fatal,Both,All,2.0
2005.0,Fatal,Both,All,3.0
2006.0,Fatal,Both,All,6.0
2007.0,Fatal,Both,All,4.0
2008.0,Fatal,Both,All,5.0
2009.0,Fatal,Both,All,3.0
2010.0,Fatal,Both,All,3.0
2011.0,Fatal,Both,All,3.0
2012.0,Fatal,Both,All,0.0
2013.0,Fatal,Both,All,1.0
2014.0,Fatal,Both,All,2.0
2015.0,Fatal,Both,All,2.0
2016.0,Fatal,Both,All,4.0
2017.0,Fatal,Both,All,2.0
2018.0,Fatal,Both,All,3.0
2019.0,Fatal,Both,All,2.0
2020.0,Fatal,Both,All,3.0
2021.0,Fatal,Both,All,3.0
2022.0,Fatal,Both,All,1.0
1980.0,Fatal,Male,All,8.0
1981.0,Fatal,Male,All,8.0
1982.0,Fatal,Male,All,7.0
1983.0,Fatal,Male,All,3.0
1984.0,Fatal,Male,All,4.0
1985.0,Fatal,Male,All,5.0
1986.0,Fatal,Male,All,5.0
1987.0,Fatal,Male,All,4.0
1988.0,Fatal,Male,All,1.0
1989.0,Fatal,Male,All,6.0
1990.0,Fatal,Male,All,5.0
1991.0,Fatal,Male,All,9.0
1992.0,Fatal,Male,All,4.0
1993.0,Fatal,Male,All,4.0
1994.0,Fatal,Male,All,8.0
1995.0,Fatal,Male,All,3.0
1996.0,Fatal,Male,All,3.0
1997.0,Fatal,Male,All,4.0
1998.0,Fatal,Male,All,2.0
1999.0,Fatal,Male,All,5.0
2000.0,Fatal,Male,All,4.0
2001.0,Fatal,Male,All,3.0
2002.0,Fatal,Male,All,0.0
2003.0,Fatal,Male,All,4.0
2004.0,Fatal,Male,All,2.0
2005.0,Fatal,Male,All,3.0
2006.0,Fatal,Male,All,6.0
2007.0,Fatal,Male,All,4.0
2008.0,Fatal,Male,All,5.0
2009.0,Fatal,Male,All,3.0
2010.0,Fatal,Male,All,3.0
2011.0,Fatal,Male,All,3.0
2012.0,Fatal,Male,All,0.0
2013.0,Fatal,Male,All,0.0
2014.0,Fatal,Male,All,1.0
2015.0,Fatal,Male,All,2.0
2016.0,Fatal,Male,All,4.0
2017.0,Fatal,Male,All,2.0
2018.0,Fatal,Male,All,3.0
2019.0,Fatal,Male,All,2.0
2020.0,Fatal,Male,All,3.0
2021.0,Fatal,Male,All,3.0
2022.0,Fatal,Male,All,1.0
1980.0,Fatal,Female,All,0.0
1981.0,Fatal,Female,All,0.0
1982.0,Fatal,Female,All,0.0
1983.0,Fatal,Female,All,0.0
1984.0,Fatal,Female,All,1.0
1985.0,Fatal,Female,All,1.0
1986.0,Fatal,Female,All,0.0
1987.0,Fatal,Female,All,0.0
1988.0,Fatal,Female,All,0.0
1989.0,Fatal,Female,All,1.0
1990.0,Fatal,Female,All,0.0
1991.0,Fatal,Female,All,0.0
1992.0,Fatal,Female,All,0.0
1993.0,Fatal,Female,All,0.0
1994.0,Fatal,Female,All,0.0
1995.0,Fatal,Female,All,0.0
1996.0,Fatal,Female,All,0.0
1997.0,Fatal,Female,All,0.0
1998.0,Fatal,Female,All,0.0
1999.0,Fatal,Female,All,2.0
2000.0,Fatal,Female,All,0.0
2001.0,Fatal,Female,All,0.0
2002.0,Fatal,Female,All,0.0
2003.0,Fatal,Female,All,0.0
2004.0,Fatal,Female,All,0.0
2005.0,Fatal,Female,All,0.0
2006.0,Fatal,Female,All,0.0
2007.0,Fatal,Female,All,0.0
2008.0,Fatal,Female,All,0.0
2009.0,Fatal,Female,All,0.0
2010.0,Fatal,Female,All,0.0
2011.0,Fatal,Female,All,0.0
2012.0,Fatal,Female,All,0.0
2013.0,Fatal,Female,All,1.0
2014.0,Fatal,Female,All,1.0
2015.0,Fatal,Female,All,0.0
2016.0,Fatal,Female,All,0.0
2017.0,Fatal,Female,All,0.0
2018.0,Fatal,Female,All,0.0
2019.0,Fatal,Female,All,0.0
2020.0,Fatal,Female,All,0.0
2021.0,Fatal,Female,All,0.0
2022.0,Fatal,Female,All,0.0
1980.0,non-fatal,Male,All,0.0
1981.0,non-fatal,Male,All,0.0
1982.0,non-fatal,Male,All,0.0
1983.0,non-fatal,Male,All,0.0
1984.0,non-fatal,Male,All,268.0
1985.0,non-fatal,Male,All,277.0
1986.0,non-fatal,Male,All,303.0
1987.0,non-fatal,Male,All,304.0
1988.0,non-fatal,Male,All,341.0
1989.0,non-fatal,Male,All,326.0
1990.0,non-fatal,Male,All,599.0
1991.0,non-fatal,Male,All,522.0
1992.0,non-fatal,Male,All,530.0
1993.0,non-fatal,Male,All,505.0
1994.0,non-fatal,Male,All,485.0
1995.0,non-fatal,Male,All,670.0
1996.0,non-fatal,Male,All,816.0
1997.0,non-fatal,Male,All,947.0
1998.0,non-fatal,Male,All,1019.0
1999.0,non-fatal,Male,All,1002.0
2000.0,non-fatal,Male,All,1045.0
2001.0,non-fatal,Male,All,1029.0
2002.0,non-fatal,Male,All,963.0
2003.0,non-fatal,Male,All,1065.0
2004.0,non-fatal,Male,All,1428.0
2005.0,non-fatal,Male,All,1221.0
2006.0,non-fatal,Male,All,1328.0
2007.0,non-fatal,Male,All,1450.0
2008.0,non-fatal,Male,All,1368.0
2009.0,non-fatal,Male,All,936.0
2010.0,non-fatal,Male,All,859.0
2011.0,non-fatal,Male,All,1017.0
2012.0,non-fatal,Male,All,1055.0
2013.0,non-fatal,Male,All,1191.0
2014.0,non-fatal,Male,All,1255.0
2015.0,non-fatal,Male,All,1320.0
2016.0,non-fatal,Male,All,1361.0
2017.0,non-fatal,Male,All,1393.0
2018.0,non-fatal,Male,All,1436.0
2019.0,non-fatal,Male,All,1378.0
2020.0,non-fatal,Male,All,1142.0
2021.0,non-fatal,Male,All,1174.0
2022.0,non-fatal,Male,All,1256.0
1980.0,non-fatal,Female,All,0.0
1981.0,non-fatal,Female,All,0.0
1982.0,non-fatal,Female,All,0.0
1983.0,non-fatal,Female,All,0.0
1984.0,non-fatal,Female,All,71.0
1985.0,non-fatal,Female,All,75.0
1986.0,non-fatal,Female,All,72.0
1987.0,non-fatal,Female,All,95.0
1988.0,non-fatal,Female,All,75.0
1989.0,non-fatal,Female,All,111.0
1990.0,non-fatal,Female,All,159.0
1991.0,non-fatal,Female,All,137.0
1992.0,non-fatal,Female,All,138.0
1993.0,non-fatal,Female,All,161.0
1994.0,non-fatal,Female,All,180.0
1995.0,non-fatal,Female,All,211.0
1996.0,non-fatal,Female,All,265.0
1997.0,non-fatal,Female,All,285.0
1998.0,non-fatal,Female,All,316.0
1999.0,non-fatal,Female,All,351.0
2000.0,non-fatal,Female,All,395.0
2001.0,non-fatal,Female,All,387.0
2002.0,non-fatal,Female,All,435.0
2003.0,non-fatal,Female,All,407.0
2004.0,non-fatal,Female,All,449.0
2005.0,non-fatal,Female,All,409.0
2006.0,non-fatal,Female,All,406.0
2007.0,non-fatal,Female,All,472.0
2008.0,non-fatal,Female,All,492.0
2009.0,non-fatal,Female,All,428.0
2010.0,non-fatal,Female,All,477.0
2011.0,non-fatal,Female,All,537.0
2012.0,non-fatal,Female,All,587.0
2013.0,non-fatal,Female,All,611.0
2014.0,non-fatal,Female,All,710.0
2015.0,non-fatal,Female,All,763.0
2016.0,non-fatal,Female,All,752.0
2017.0,non-fatal,Female,All,742.0
2018.0,non-fatal,Female,All,765.0
2019.0,non-fatal,Female,All,854.0
2020.0,non-fatal,Female,All,665.0
2021.0,non-fatal,Female,All,700.0
2022.0,non-fatal,Female,All,693.0
1980.0,non-fatal,Both,All,0.0
1981.0,non-fatal,Both,All,0.0
1982.0,non-fatal,Both,All,0.0
1983.0,non-fatal,Both,All,0.0
1984.0,non-fatal,Both,All,339.0
1985.0,non-fatal,Both,All,352.0
1986.0,non-fatal,Both,All,375.0
1987.0,non-fatal,Both,All,399.0
1988.0,non-fatal,Both,All,416.0
1989.0,non-fatal,Both,All,437.0
1990.0,non-fatal,Both,All,758.0
1991.0,non-fatal,Both,All,659.0
1992.0,non-fatal,Both,All,668.0
1993.0,non-fatal,Both,All,666.0
1994.0,non-fatal,Both,All,665.0
1995.0,non-fatal,Both,All,881.0
1996.0,non-fatal,Both,All,1081.0
1997.0,non-fatal,Both,All,1232.0
1998.0,non-fatal,Both,All,1335.0
1999.0,non-fatal,Both,All,1353.0
2000.0,non-fatal,Both,All,1440.0
2001.0,non-fatal,Both,All,1416.0
2002.0,non-fatal,Both,All,1398.0
2003.0,non-fatal,Both,All,1472.0
2004.0,non-fatal,Both,All,1877.0
2005.0,non-fatal,Both,All,1630.0
2006.0,non-fatal,Both,All,1734.0
2007.0,non-fatal,Both,All,1922.0
2008.0,non-fatal,Both,All,1860.0
2009.0,non-fatal,Both,All,1364.0
2010.0,non-fatal,Both,All,1336.0
2011.0,non-fatal,Both,All,1554.0
2012.0,non-fatal,Both,All,1642.0
2013.0,non-fatal,Both,All,1802.0
2014.0,non-fatal,Both,All,1965.0
2015.0,non-fatal,Both,All,2083.0
2016.0,non-fatal,Both,All,2113.0
2017.0,non-fatal,Both,All,2135.0
2018.0,non-fatal,Both,All,2201.0
2019.0,non-fatal,Both,All,2232.0
2020.0,non-fatal,Both,All,1807.0
2021.0,non-fatal,Both,All,1874.0
2022.0,non-fatal,Both,All,1949.0
1980.0,Total,Both,Icelandic,8.0
1981.0,Total,Both,Icelandic,8.0
1982.0,Total,Both,Icelandic,7.0
1983.0,Total,Both,Icelandic,3.0
1984.0,Total,Both,Icelandic,340.0
1985.0,Total,Both,Icelandic,350.0
1986.0,Total,Both,Icelandic,372.0
1987.0,Total,Both,Icelandic,394.0
1988.0,Total,Both,Icelandic,403.0
1989.0,Total,Both,Icelandic,432.0
1990.0,Total,Both,Icelandic,742.0
1991.0,Total,Both,Icelandic,651.0
1992.0,Total,Both,Icelandic,661.0
1993.0,Total,Both,Icelandic,664.0
1994.0,Total,Both,Icelandic,665.0
1995.0,Total,Both,Icelandic,873.0
1996.0,Total,Both,Icelandic,1066.0
1997.0,Total,Both,Icelandic,1216.0
1998.0,Total,Both,Icelandic,1316.0
1999.0,Total,Both,Icelandic,1321.0
2000.0,Total,Both,Icelandic,1393.0
2001.0,Total,Both,Icelandic,1370.0
2002.0,Total,Both,Icelandic,1353.0
2003.0,Total,Both,Icelandic,1375.0
2004.0,Total,Both,Icelandic,1373.0
2005.0,Total,Both,Icelandic,1221.0
2006.0,Total,Both,Icelandic,1231.0
2007.0,Total,Both,Icelandic,1293.0
2008.0,Total,Both,Icelandic,1451.0
2009.0,Total,Both,Icelandic,1188.0
2010.0,Total,Both,Icelandic,1185.0
2011.0,Total,Both,Icelandic,1386.0
2012.0,Total,Both,Icelandic,1456.0
2013.0,Total,Both,Icelandic,1553.0
2014.0,Total,Both,Icelandic,1689.0
2015.0,Total,Both,Icelandic,1796.0
2016.0,Total,Both,Icelandic,1749.0
2017.0,Total,Both,Icelandic,1702.0
2018.0,Total,Both,Icelandic,1654.0
2019.0,Total,Both,Icelandic,1678.0
2020.0,Total,Both,Icelandic,1408.0
2021.0,Total,Both,Icelandic,1410.0
2022.0,Total,Both,Icelandic,1366.0
1980.0,Fatal,Both,Icelandic,8.0
1981.0,Fatal,Both,Icelandic,8.0
1982.0,Fatal,Both,Icelandic,7.0
1983.0,Fatal,Both,Icelandic,3.0
1984.0,Fatal,Both,Icelandic,5.0
1985.0,Fatal,Both,Icelandic,6.0
1986.0,Fatal,Both,Icelandic,4.0
1987.0,Fatal,Both,Icelandic,4.0
1988.0,Fatal,Both,Icelandic,1.0
1989.0,Fatal,Both,Icelandic,7.0
1990.0,Fatal,Both,Icelandic,5.0
1991.0,Fatal,Both,Icelandic,9.0
1992.0,Fatal,Both,Icelandic,4.0
1993.0,Fatal,Both,Icelandic,4.0
1994.0,Fatal,Both,Icelandic,8.0
1995.0,Fatal,Both,Icelandic,3.0
1996.0,Fatal,Both,Icelandic,3.0
1997.0,Fatal,Both,Icelandic,4.0
1998.0,Fatal,Both,Icelandic,2.0
1999.0,Fatal,Both,Icelandic,7.0
2000.0,Fatal,Both,Icelandic,4.0
2001.0,Fatal,Both,Icelandic,3.0
2002.0,Fatal,Both,Icelandic,0.0
2003.0,Fatal,Both,Icelandic,4.0
2004.0,Fatal,Both,Icelandic,2.0
2005.0,Fatal,Both,Icelandic,3.0
2006.0,Fatal,Both,Icelandic,5.0
2007.0,Fatal,Both,Icelandic,2.0
2008.0,Fatal,Both,Icelandic,2.0
2009.0,Fatal,Both,Icelandic,3.0
2010.0,Fatal,Both,Icelandic,2.0
2011.0,Fatal,Both,Icelandic,3.0
2012.0,Fatal,Both,Icelandic,0.0
2013.0,Fatal,Both,Icelandic,1.0
2014.0,Fatal,Both,Icelandic,1.0
2015.0,Fatal,Both,Icelandic,2.0
2016.0,Fatal,Both,Icelandic,4.0
2017.0,Fatal,Both,Icelandic,1.0
2018.0,Fatal,Both,Icelandic,2.0
2019.0,Fatal,Both,Icelandic,1.0
2020.0,Fatal,Both,Icelandic,2.0
2021.0,Fatal,Both,Icelandic,2.0
2022.0,Fatal,Both,Icelandic,1.0
1980.0,Fatal,Male,Icelandic,8.0
1981.0,Fatal,Male,Icelandic,8.0
1982.0,Fatal,Male,Icelandic,7.0
1983.0,Fatal,Male,Icelandic,3.0
1984.0,Fatal,Male,Icelandic,4.0
1985.0,Fatal,Male,Icelandic,5.0
1986.0,Fatal,Male,Icelandic,4.0
1987.0,Fatal,Male,Icelandic,4.0
1988.0,Fatal,Male,Icelandic,1.0
1989.0,Fatal,Male,Icelandic,6.0
1990.0,Fatal,Male,Icelandic,5.0
1991.0,Fatal,Male,Icelandic,9.0
1992.0,Fatal,Male,Icelandic,4.0
1993.0,Fatal,Male,Icelandic,4.0
1994.0,Fatal,Male,Icelandic,8.0
1995.0,Fatal,Male,Icelandic,3.0
1996.0,Fatal,Male,Icelandic,3.0
1997.0,Fatal,Male,Icelandic,4.0
1998.0,Fatal,Male,Icelandic,2.0
1999.0,Fatal,Male,Icelandic,5.0
2000.0,Fatal,Male,Icelandic,4.0
2001.0,Fatal,Male,Icelandic,3.0
2002.0,Fatal,Male,Icelandic,0.0
2003.0,Fatal,Male,Icelandic,4.0
2004.0,Fatal,Male,Icelandic,2.0
2005.0,Fatal,Male,Icelandic,3.0
2006.0,Fatal,Male,Icelandic,5.0
2007.0,Fatal,Male,Icelandic,2.0
2008.0,Fatal,Male,Icelandic,2.0
2009.0,Fatal,Male,Icelandic,3.0
2010.0,Fatal,Male,Icelandic,2.0
2011.0,Fatal,Male,Icelandic,3.0
2012.0,Fatal,Male,Icelandic,0.0
2013.0,Fatal,Male,Icelandic,0.0
2014.0,Fatal,Male,Icelandic,1.0
2015.0,Fatal,Male,Icelandic,2.0
2016.0,Fatal,Male,Icelandic,4.0
2017.0,Fatal,Male,Icelandic,1.0
2018.0,Fatal,Male,Icelandic,2.0
2019.0,Fatal,Male,Icelandic,1.0
2020.0,Fatal,Male,Icelandic,2.0
2021.0,Fatal,Male,Icelandic,2.0
2022.0,Fatal,Male,Icelandic,1.0
1980.0,Fatal,Female,Icelandic,0.0
1981.0,Fatal,Female,Icelandic,0.0
1982.0,Fatal,Female,Icelandic,0.0
1983.0,Fatal,Female,Icelandic,0.0
1984.0,Fatal,Female,Icelandic,1.0
1985.0,Fatal,Female,Icelandic,1.0
1986.0,Fatal,Female,Icelandic,0.0
1987.0,Fatal,Female,Icelandic,0.0
1988.0,Fatal,Female,Icelandic,0.0
1989.0,Fatal,Female,Icelandic,1.0
1990.0,Fatal,Female,Icelandic,0.0
1991.0,Fatal,Female,Icelandic,0.0
1992.0,Fatal,Female,Icelandic,0.0
1993.0,Fatal,Female,Icelandic,0.0
1994.0,Fatal,Female,Icelandic,0.0
1995.0,Fatal,Female,Icelandic,0.0
1996.0,Fatal,Female,Icelandic,0.0
1997.0,Fatal,Female,Icelandic,0.0
1998.0,Fatal,Female,Icelandic,0.0
1999.0,Fatal,Female,Icelandic,2.0
2000.0,Fatal,Female,Icelandic,0.0
2001.0,Fatal,Female,Icelandic,0.0
2002.0,Fatal,Female,Icelandic,0.0
2003.0,Fatal,Female,Icelandic,0.0
2004.0,Fatal,Female,Icelandic,0.0
2005.0,Fatal,Female,Icelandic,0.0
2006.0,Fatal,Female,Icelandic,0.0
2007.0,Fatal,Female,Icelandic,0.0
2008.0,Fatal,Female,Icelandic,0.0
2009.0,Fatal,Female,Icelandic,0.0
2010.0,Fatal,Female,Icelandic,0.0
2011.0,Fatal,Female,Icelandic,0.0
2012.0,Fatal,Female,Icelandic,0.0
2013.0,Fatal,Female,Icelandic,1.0
2014.0,Fatal,Female,Icelandic,0.0
2015.0,Fatal,Female,Icelandic,0.0
2016.0,Fatal,Female,Icelandic,0.0
2017.0,Fatal,Female,Icelandic,0.0
2018.0,Fatal,Female,Icelandic,0.0
2019.0,Fatal,Female,Icelandic,0.0
2020.0,Fatal,Female,Icelandic,0.0
2021.0,Fatal,Female,Icelandic,0.0
2022.0,Fatal,Female,Icelandic,0.0
1980.0,non-fatal,Male,Icelandic,
1981.0,non-fatal,Male,Icelandic,
1982.0,non-fatal,Male,Icelandic,
1983.0,non-fatal,Male,Icelandic,
1984.0,non-fatal,Male,Icelandic,
1985.0,non-fatal,Male,Icelandic,
1986.0,non-fatal,Male,Icelandic,
1987.0,non-fatal,Male,Icelandic,
1988.0,non-fatal,Male,Icelandic,
1989.0,non-fatal,Male,Icelandic,
1990.0,non-fatal,Male,Icelandic,
1991.0,non-fatal,Male,Icelandic,
1992.0,non-fatal,Male,Icelandic,
1993.0,non-fatal,Male,Icelandic,
1994.0,non-fatal,Male,Icelandic,
1995.0,non-fatal,Male,Icelandic,
1996.0,non-fatal,Male,Icelandic,
1997.0,non-fatal,Male,Icelandic,
1998.0,non-fatal,Male,Icelandic,
1999.0,non-fatal,Male,Icelandic,
2000.0,non-fatal,Male,Icelandic,
2001.0,non-fatal,Male,Icelandic,
2002.0,non-fatal,Male,Icelandic,
2003.0,non-fatal,Male,Icelandic,
2004.0,non-fatal,Male,Icelandic,
2005.0,non-fatal,Male,Icelandic,
2006.0,non-fatal,Male,Icelandic,
2007.0,non-fatal,Male,Icelandic,
2008.0,non-fatal,Male,Icelandic,
2009.0,non-fatal,Male,Icelandic,
2010.0,non-fatal,Male,Icelandic,
2011.0,non-fatal,Male,Icelandic,
2012.0,non-fatal,Male,Icelandic,
2013.0,non-fatal,Male,Icelandic,
2014.0,non-fatal,Male,Icelandic,
2015.0,non-fatal,Male,Icelandic,
2016.0,non-fatal,Male,Icelandic,
2017.0,non-fatal,Male,Icelandic,
2018.0,non-fatal,Male,Icelandic,
2019.0,non-fatal,Male,Icelandic,
2020.0,non-fatal,Male,Icelandic,
2021.0,non-fatal,Male,Icelandic,
2022.0,non-fatal,Male,Icelandic,
1980.0,non-fatal,Female,Icelandic,
1981.0,non-fatal,Female,Icelandic,
1982.0,non-fatal,Female,Icelandic,
1983.0,non-fatal,Female,Icelandic,
1984.0,non-fatal,Female,Icelandic,
1985.0,non-fatal,Female,Icelandic,
1986.0,non-fatal,Female,Icelandic,
1987.0,non-fatal,Female,Icelandic,
1988.0,non-fatal,Female,Icelandic,
1989.0,non-fatal,Female,Icelandic,
1990.0,non-fatal,Female,Icelandic,
1991.0,non-fatal,Female,Icelandic,
1992.0,non-fatal,Female,Icelandic,
1993.0,non-fatal,Female,Icelandic,
1994.0,non-fatal,Female,Icelandic,
1995.0,non-fatal,Female,Icelandic,
1996.0,non-fatal,Female,Icelandic,
1997.0,non-fatal,Female,Icelandic,
1998.0,non-fatal,Female,Icelandic,
1999.0,non-fatal,Female,Icelandic,
2000.0,non-fatal,Female,Icelandic,
2001.0,non-fatal,Female,Icelandic,
2002.0,non-fatal,Female,Icelandic,
2003.0,non-fatal,Female,Icelandic,
2004.0,non-fatal,Female,Icelandic,
2005.0,non-fatal,Female,Icelandic,
2006.0,non-fatal,Female,Icelandic,
2007.0,non-fatal,Female,Icelandic,
2008.0,non-fatal,Female,Icelandic,
2009.0,non-fatal,Female,Icelandic,
2010.0,non-fatal,Female,Icelandic,
2011.0,non-fatal,Female,Icelandic,
2012.0,non-fatal,Female,Icelandic,
2013.0,non-fatal,Female,Icelandic,
2014.0,non-fatal,Female,Icelandic,
2015.0,non-fatal,Female,Icelandic,
2016.0,non-fatal,Female,Icelandic,
2017.0,non-fatal,Female,Icelandic,
2018.0,non-fatal,Female,Icelandic,
2019.0,non-fatal,Female,Icelandic,
2020.0,non-fatal,Female,Icelandic,
2021.0,non-fatal,Female,Icelandic,
2022.0,non-fatal,Female,Icelandic,
1980.0,non-fatal,Both,Icelandic,0.0
1981.0,non-fatal,Both,Icelandic,0.0
1982.0,non-fatal,Both,Icelandic,0.0
1983.0,non-fatal,Both,Icelandic,0.0
1984.0,non-fatal,Both,Icelandic,335.0
1985.0,non-fatal,Both,Icelandic,344.0
1986.0,non-fatal,Both,Icelandic,368.0
1987.0,non-fatal,Both,Icelandic,390.0
1988.0,non-fatal,Both,Icelandic,402.0
1989.0,non-fatal,Both,Icelandic,425.0
1990.0,non-fatal,Both,Icelandic,737.0
1991.0,non-fatal,Both,Icelandic,642.0
1992.0,non-fatal,Both,Icelandic,657.0
1993.0,non-fatal,Both,Icelandic,660.0
1994.0,non-fatal,Both,Icelandic,657.0
1995.0,non-fatal,Both,Icelandic,870.0
1996.0,non-fatal,Both,Icelandic,1063.0
1997.0,non-fatal,Both,Icelandic,1212.0
1998.0,non-fatal,Both,Icelandic,1314.0
1999.0,non-fatal,Both,Icelandic,1314.0
2000.0,non-fatal,Both,Icelandic,1389.0
2001.0,non-fatal,Both,Icelandic,1367.0
2002.0,non-fatal,Both,Icelandic,1353.0
2003.0,non-fatal,Both,Icelandic,1371.0
2004.0,non-fatal,Both,Icelandic,1371.0
2005.0,non-fatal,Both,Icelandic,1218.0
2006.0,non-fatal,Both,Icelandic,1226.0
2007.0,non-fatal,Both,Icelandic,1291.0
2008.0,non-fatal,Both,Icelandic,1449.0
2009.0,non-fatal,Both,Icelandic,1185.0
2010.0,non-fatal,Both,Icelandic,1183.0
2011.0,non-fatal,Both,Icelandic,1383.0
2012.0,non-fatal,Both,Icelandic,1456.0
2013.0,non-fatal,Both,Icelandic,1552.0
2014.0,non-fatal,Both,Icelandic,1688.0
2015.0,non-fatal,Both,Icelandic,1794.0
2016.0,non-fatal,Both,Icelandic,1745.0
2017.0,non-fatal,Both,Icelandic,1701.0
2018.0,non-fatal,Both,Icelandic,1652.0
2019.0,non-fatal,Both,Icelandic,1677.0
2020.0,non-fatal,Both,Icelandic,1406.0
2021.0,non-fatal,Both,Icelandic,1408.0
2022.0,non-fatal,Both,Icelandic,1365.0
1980.0,Total,Both,Foreign,0.0
1981.0,Total,Both,Foreign,0.0
1982.0,Total,Both,Foreign,0.0
1983.0,Total,Both,Foreign,0.0
1984.0,Total,Both,Foreign,4.0
1985.0,Total,Both,Foreign,8.0
1986.0,Total,Both,Foreign,8.0
1987.0,Total,Both,Foreign,9.0
1988.0,Total,Both,Foreign,14.0
1989.0,Total,Both,Foreign,12.0
1990.0,Total,Both,Foreign,21.0
1991.0,Total,Both,Foreign,17.0
1992.0,Total,Both,Foreign,11.0
1993.0,Total,Both,Foreign,6.0
1994.0,Total,Both,Foreign,8.0
1995.0,Total,Both,Foreign,11.0
1996.0,Total,Both,Foreign,18.0
1997.0,Total,Both,Foreign,20.0
1998.0,Total,Both,Foreign,21.0
1999.0,Total,Both,Foreign,39.0
2000.0,Total,Both,Foreign,51.0
2001.0,Total,Both,Foreign,49.0
2002.0,Total,Both,Foreign,45.0
2003.0,Total,Both,Foreign,101.0
2004.0,Total,Both,Foreign,506.0
2005.0,Total,Both,Foreign,412.0
2006.0,Total,Both,Foreign,509.0
2007.0,Total,Both,Foreign,633.0
2008.0,Total,Both,Foreign,414.0
2009.0,Total,Both,Foreign,179.0
2010.0,Total,Both,Foreign,154.0
2011.0,Total,Both,Foreign,171.0
2012.0,Total,Both,Foreign,186.0
2013.0,Total,Both,Foreign,250.0
2014.0,Total,Both,Foreign,278.0
2015.0,Total,Both,Foreign,289.0
2016.0,Total,Both,Foreign,368.0
2017.0,Total,Both,Foreign,435.0
2018.0,Total,Both,Foreign,550.0
2019.0,Total,Both,Foreign,556.0
2020.0,Total,Both,Foreign,402.0
2021.0,Total,Both,Foreign,467.0
2022.0,Total,Both,Foreign,585.0
1980.0,Fatal,Both,Foreign,0.0
1981.0,Fatal,Both,Foreign,0.0
1982.0,Fatal,Both,Foreign,0.0
1983.0,Fatal,Both,Foreign,0.0
1984.0,Fatal,Both,Foreign,0.0
1985.0,Fatal,Both,Foreign,0.0
1986.0,Fatal,Both,Foreign,1.0
1987.0,Fatal,Both,Foreign,0.0
1988.0,Fatal,Both,Foreign,0.0
1989.0,Fatal,Both,Foreign,0.0
1990.0,Fatal,Both,Foreign,0.0
1991.0,Fatal,Both,Foreign,0.0
1992.0,Fatal,Both,Foreign,0.0
1993.0,Fatal,Both,Foreign,0.0
1994.0,Fatal,Both,Foreign,0.0
1995.0,Fatal,Both,Foreign,0.0
1996.0,Fatal,Both,Foreign,0.0
1997.0,Fatal,Both,Foreign,0.0
1998.0,Fatal,Both,Foreign,0.0
1999.0,Fatal,Both,Foreign,0.0
2000.0,Fatal,Both,Foreign,0.0
2001.0,Fatal,Both,Foreign,0.0
2002.0,Fatal,Both,Foreign,0.0
2003.0,Fatal,Both,Foreign,0.0
2004.0,Fatal,Both,Foreign,0.0
2005.0,Fatal,Both,Foreign,0.0
2006.0,Fatal,Both,Foreign,1.0
2007.0,Fatal,Both,Foreign,2.0
2008.0,Fatal,Both,Foreign,3.0
2009.0,Fatal,Both,Foreign,0.0
2010.0,Fatal,Both,Foreign,1.0
2011.0,Fatal,Both,Foreign,0.0
2012.0,Fatal,Both,Foreign,0.0
2013.0,Fatal,Both,Foreign,0.0
2014.0,Fatal,Both,Foreign,1.0
2015.0,Fatal,Both,Foreign,0.0
2016.0,Fatal,Both,Foreign,0.0
2017.0,Fatal,Both,Foreign,1.0
2018.0,Fatal,Both,Foreign,1.0
2019.0,Fatal,Both,Foreign,1.0
2020.0,Fatal,Both,Foreign,1.0
2021.0,Fatal,Both,Foreign,1.0
2022.0,Fatal,Both,Foreign,0.0
1980.0,Fatal,Male,Foreign,0.0
1981.0,Fatal,Male,Foreign,0.0
1982.0,Fatal,Male,Foreign,0.0
1983.0,Fatal,Male,Foreign,0.0
1984.0,Fatal,Male,Foreign,0.0
1985.0,Fatal,Male,Foreign,0.0
1986.0,Fatal,Male,Foreign,1.0
1987.0,Fatal,Male,Foreign,0.0
1988.0,Fatal,Male,Foreign,0.0
1989.0,Fatal,Male,Foreign,0.0
1990.0,Fatal,Male,Foreign,0.0
1991.0,Fatal,Male,Foreign,0.0
1992.0,Fatal,Male,Foreign,0.0
1993.0,Fatal,Male,Foreign,0.0
1994.0,Fatal,Male,Foreign,0.0
1995.0,Fatal,Male,Foreign,0.0
1996.0,Fatal,Male,Foreign,0.0
1997.0,Fatal,Male,Foreign,0.0
1998.0,Fatal,Male,Foreign,0.0
1999.0,Fatal,Male,Foreign,0.0
2000.0,Fatal,Male,Foreign,0.0
2001.0,Fatal,Male,Foreign,0.0
2002.0,Fatal,Male,Foreign,0.0
2003.0,Fatal,Male,Foreign,0.0
2004.0,Fatal,Male,Foreign,0.0
2005.0,Fatal,Male,Foreign,0.0
2006.0,Fatal,Male,Foreign,1.0
2007.0,Fatal,Male,Foreign,2.0
2008.0,Fatal,Male,Foreign,3.0
2009.0,Fatal,Male,Foreign,0.0
2010.0,Fatal,Male,Foreign,1.0
2011.0,Fatal,Male,Foreign,0.0
2012.0,Fatal,Male,Foreign,0.0
2013.0,Fatal,Male,Foreign,0.0
2014.0,Fatal,Male,Foreign,0.0
2015.0,Fatal,Male,Foreign,0.0
2016.0,Fatal,Male,Foreign,0.0
2017.0,Fatal,Male,Foreign,1.0
2018.0,Fatal,Male,Foreign,1.0
2019.0,Fatal,Male,Foreign,1.0
2020.0,Fatal,Male,Foreign,1.0
2021.0,Fatal,Male,Foreign,1.0
2022.0,Fatal,Male,Foreign,0.0
1980.0,Fatal,Female,Foreign,0.0
1981.0,Fatal,Female,Foreign,0.0
1982.0,Fatal,Female,Foreign,0.0
1983.0,Fatal,Female,Foreign,0.0
1984.0,Fatal,Female,Foreign,0.0
1985.0,Fatal,Female,Foreign,0.0
1986.0,Fatal,Female,Foreign,0.0
1987.0,Fatal,Female,Foreign,0.0
1988.0,Fatal,Female,Foreign,0.0
1989.0,Fatal,Female,Foreign,0.0
1990.0,Fatal,Female,Foreign,0.0
1991.0,Fatal,Female,Foreign,0.0
1992.0,Fatal,Female,Foreign,0.0
1993.0,Fatal,Female,Foreign,0.0
1994.0,Fatal,Female,Foreign,0.0
1995.0,Fatal,Female,Foreign,0.0
1996.0,Fatal,Female,Foreign,0.0
1997.0,Fatal,Female,Foreign,0.0
1998.0,Fatal,Female,Foreign,0.0
1999.0,Fatal,Female,Foreign,0.0
2000.0,Fatal,Female,Foreign,0.0
2001.0,Fatal,Female,Foreign,0.0
2002.0,Fatal,Female,Foreign,0.0
2003.0,Fatal,Female,Foreign,0.0
2004.0,Fatal,Female,Foreign,0.0
2005.0,Fatal,Female,Foreign,0.0
2006.0,Fatal,Female,Foreign,0.0
2007.0,Fatal,Female,Foreign,0.0
2008.0,Fatal,Female,Foreign,0.0
2009.0,Fatal,Female,Foreign,0.0
2010.0,Fatal,Female,Foreign,0.0
2011.0,Fatal,Female,Foreign,0.0
2012.0,Fatal,Female,Foreign,0.0
2013.0,Fatal,Female,Foreign,0.0
2014.0,Fatal,Female,Foreign,1.0
2015.0,Fatal,Female,Foreign,0.0
2016.0,Fatal,Female,Foreign,0.0
2017.0,Fatal,Female,Foreign,0.0
2018.0,Fatal,Female,Foreign,0.0
2019.0,Fatal,Female,Foreign,0.0
2020.0,Fatal,Female,Foreign,0.0
2021.0,Fatal,Female,Foreign,0.0
2022.0,Fatal,Female,Foreign,0.0
1980.0,non-fatal,Male,Foreign,
1981.0,non-fatal,Male,Foreign,
1982.0,non-fatal,Male,Foreign,
1983.0,non-fatal,Male,Foreign,
1984.0,non-fatal,Male,Foreign,
1985.0,non-fatal,Male,Foreign,
1986.0,non-fatal,Male,Foreign,
1987.0,non-fatal,Male,Foreign,
1988.0,non-fatal,Male,Foreign,
1989.0,non-fatal,Male,Foreign,
1990.0,non-fatal,Male,Foreign,
1991.0,non-fatal,Male,Foreign,
1992.0,non-fatal,Male,Foreign,
1993.0,non-fatal,Male,Foreign,
1994.0,non-fatal,Male,Foreign,
1995.0,non-fatal,Male,Foreign,
1996.0,non-fatal,Male,Foreign,
1997.0,non-fatal,Male,Foreign,
1998.0,non-fatal,Male,Foreign,
1999.0,non-fatal,Male,Foreign,
2000.0,non-fatal,Male,Foreign,
2001.0,non-fatal,Male,Foreign,
2002.0,non-fatal,Male,Foreign,
2003.0,non-fatal,Male,Foreign,
2004.0,non-fatal,Male,Foreign,
2005.0,non-fatal,Male,Foreign,
2006.0,non-fatal,Male,Foreign,
2007.0,non-fatal,Male,Foreign,
2008.0,non-fatal,Male,Foreign,
2009.0,non-fatal,Male,Foreign,
2010.0,non-fatal,Male,Foreign,
2011.0,non-fatal,Male,Foreign,
2012.0,non-fatal,Male,Foreign,
2013.0,non-fatal,Male,Foreign,
2014.0,non-fatal,Male,Foreign,
2015.0,non-fatal,Male,Foreign,
2016.0,non-fatal,Male,Foreign,
2017.0,non-fatal,Male,Foreign,
2018.0,non-fatal,Male,Foreign,
2019.0,non-fatal,Male,Foreign,
2020.0,non-fatal,Male,Foreign,
2021.0,non-fatal,Male,Foreign,
2022.0,non-fatal,Male,Foreign,
1980.0,non-fatal,Female,Foreign,
1981.0,non-fatal,Female,Foreign,
1982.0,non-fatal,Female,Foreign,
1983.0,non-fatal,Female,Foreign,
1984.0,non-fatal,Female,Foreign,
1985.0,non-fatal,Female,Foreign,
1986.0,non-fatal,Female,Foreign,
1987.0,non-fatal,Female,Foreign,
1988.0,non-fatal,Female,Foreign,
1989.0,non-fatal,Female,Foreign,
1990.0,non-fatal,Female,Foreign,
1991.0,non-fatal,Female,Foreign,
1992.0,non-fatal,Female,Foreign,
1993.0,non-fatal,Female,Foreign,
1994.0,non-fatal,Female,Foreign,
1995.0,non-fatal,Female,Foreign,
1996.0,non-fatal,Female,Foreign,
1997.0,non-fatal,Female,Foreign,
1998.0,non-fatal,Female,Foreign,
1999.0,non-fatal,Female,Foreign,
2000.0,non-fatal,Female,Foreign,
2001.0,non-fatal,Female,Foreign,
2002.0,non-fatal,Female,Foreign,
2003.0,non-fatal,Female,Foreign,
2004.0,non-fatal,Female,Foreign,
2005.0,non-fatal,Female,Foreign,
2006.0,non-fatal,Female,Foreign,
2007.0,non-fatal,Female,Foreign,
2008.0,non-fatal,Female,Foreign,
2009.0,non-fatal,Female,Foreign,
2010.0,non-fatal,Female,Foreign,
2011.0,non-fatal,Female,Foreign,
2012.0,non-fatal,Female,Foreign,
2013.0,non-fatal,Female,Foreign,
2014.0,non-fatal,Female,Foreign,
2015.0,non-fatal,Female,Foreign,
2016.0,non-fatal,Female,Foreign,
2017.0,non-fatal,Female,Foreign,
2018.0,non-fatal,Female,Foreign,
2019.0,non-fatal,Female,Foreign,
2020.0,non-fatal,Female,Foreign,
2021.0,non-fatal,Female,Foreign,
2022.0,non-fatal,Female,Foreign,
1980.0,non-fatal,Both,Foreign,0.0
1981.0,non-fatal,Both,Foreign,0.0
1982.0,non-fatal,Both,Foreign,0.0
1983.0,non-fatal,Both,Foreign,0.0
1984.0,non-fatal,Both,Foreign,4.0
1985.0,non-fatal,Both,Foreign,8.0
1986.0,non-fatal,Both,Foreign,7.0
1987.0,non-fatal,Both,Foreign,9.0
1988.0,non-fatal,Both,Foreign,14.0
1989.0,non-fatal,Both,Foreign,12.0
1990.0,non-fatal,Both,Foreign,21.0
1991.0,non-fatal,Both,Foreign,17.0
1992.0,non-fatal,Both,Foreign,11.0
1993.0,non-fatal,Both,Foreign,6.0
1994.0,non-fatal,Both,Foreign,8.0
1995.0,non-fatal,Both,Foreign,11.0
1996.0,non-fatal,Both,Foreign,18.0
1997.0,non-fatal,Both,Foreign,20.0
1998.0,non-fatal,Both,Foreign,21.0
1999.0,non-fatal,Both,Foreign,39.0
2000.0,non-fatal,Both,Foreign,51.0
2001.0,non-fatal,Both,Foreign,49.0
2002.0,non-fatal,Both,Foreign,45.0
2003.0,non-fatal,Both,Foreign,101.0
2004.0,non-fatal,Both,Foreign,506.0
2005.0,non-fatal,Both,Foreign,412.0
2006.0,non-fatal,Both,Foreign,508.0
2007.0,non-fatal,Both,Foreign,631.0
2008.0,non-fatal,Both,Foreign,411.0
2009.0,non-fatal,Both,Foreign,179.0
2010.0,non-fatal,Both,Foreign,153.0
2011.0,non-fatal,Both,Foreign,171.0
2012.0,non-fatal,Both,Foreign,186.0
2013.0,non-fatal,Both,Foreign,250.0
2014.0,non-fatal,Both,Foreign,277.0
2015.0,non-fatal,Both,Foreign,289.0
2016.0,non-fatal,Both,Foreign,368.0
2017.0,non-fatal,Both,Foreign,434.0
2018.0,non-fatal,Both,Foreign,549.0
2019.0,non-fatal,Both,Foreign,555.0
2020.0,non-fatal,Both,Foreign,401.0
2021.0,non-fatal,Both,Foreign,466.0
2022.0,non-fatal,Both,Foreign,585.0
2023.0,non-fatal,Both,Foreign,
,,,,
