Year,Kyn,Staða,Value
1999,Karl,Framkvæmdarstjórar,84.6
2000,Karl,Framkvæmdarstjórar,83.9
2001,Karl,Framkvæmdarstjórar,83.4
2002,Karl,Framkvæmdarstjórar,83.1
2003,Karl,Framkvæmdarstjórar,82.7
2004,Karl,Framkvæmdarstjórar,82.3
2005,Karl,Framkvæmdarstjórar,81.8
2006,Karl,Framkvæmdarstjórar,81.6
2007,Karl,Framkvæmdarstjórar,81.3
2008,Karl,Framkvæmdarstjórar,80.9
2009,Karl,Framkvæmdarstjórar,80.6
2010,Karl,Framkvæmdarstjórar,79.8
2011,Karl,Framkvæmdarstjórar,79.6
2012,Karl,Framkvæmdarstjórar,79.2
2013,Karl,Framkvæmdarstjórar,78.6
2014,Karl,Framkvæmdarstjórar,78.4
2015,Karl,Framkvæmdarstjórar,78.1
2016,Karl,Framkvæmdarstjórar,77.9
2017,Karl,Framkvæmdarstjórar,77.8
2018,Karl,Framkvæmdarstjórar,77.3
2019,Karl,Framkvæmdarstjórar,77.0
2020,Karl,Framkvæmdarstjórar,76.6
2021,Karl,Framkvæmdarstjórar,76.1
2022,Karl,Framkvæmdarstjórar,76.0
1999,Karl,Stjórnarformenn,77.6
2000,Karl,Stjórnarformenn,77.9
2001,Karl,Stjórnarformenn,78.2
2002,Karl,Stjórnarformenn,78.5
2003,Karl,Stjórnarformenn,77.9
2004,Karl,Stjórnarformenn,78.0
2005,Karl,Stjórnarformenn,78.3
2006,Karl,Stjórnarformenn,78.1
2007,Karl,Stjórnarformenn,78.1
2008,Karl,Stjórnarformenn,77.9
2009,Karl,Stjórnarformenn,77.3
2010,Karl,Stjórnarformenn,76.9
2011,Karl,Stjórnarformenn,76.5
2012,Karl,Stjórnarformenn,76.1
2013,Karl,Stjórnarformenn,76.3
2014,Karl,Stjórnarformenn,76.1
2015,Karl,Stjórnarformenn,75.9
2016,Karl,Stjórnarformenn,76.1
2017,Karl,Stjórnarformenn,76.1
2018,Karl,Stjórnarformenn,75.9
2019,Karl,Stjórnarformenn,75.7
2020,Karl,Stjórnarformenn,75.7
2021,Karl,Stjórnarformenn,75.3
2022,Karl,Stjórnarformenn,73.0
1999,Karl,Stjórnarmenn,78.1
2000,Karl,Stjórnarmenn,78.4
2001,Karl,Stjórnarmenn,78.7
2002,Karl,Stjórnarmenn,78.4
2003,Karl,Stjórnarmenn,78.1
2004,Karl,Stjórnarmenn,77.7
2005,Karl,Stjórnarmenn,77.7
2006,Karl,Stjórnarmenn,77.7
2007,Karl,Stjórnarmenn,77.5
2008,Karl,Stjórnarmenn,77.1
2009,Karl,Stjórnarmenn,76.6
2010,Karl,Stjórnarmenn,76.0
2011,Karl,Stjórnarmenn,75.5
2012,Karl,Stjórnarmenn,75.1
2013,Karl,Stjórnarmenn,74.9
2014,Karl,Stjórnarmenn,74.5
2015,Karl,Stjórnarmenn,74.1
2016,Karl,Stjórnarmenn,74.1
2017,Karl,Stjórnarmenn,73.9
2018,Karl,Stjórnarmenn,73.8
2019,Karl,Stjórnarmenn,73.6
2020,Karl,Stjórnarmenn,73.5
2021,Karl,Stjórnarmenn,73.0
2021,Karl,Stjórnarmenn,72.8
2009,Karl,Forstöðumenn ríkisstofnana,71.0
2010,Karl,Forstöðumenn ríkisstofnana,69.0
2011,Karl,Forstöðumenn ríkisstofnana,69.0
2012,Karl,Forstöðumenn ríkisstofnana,69.0
2013,Karl,Forstöðumenn ríkisstofnana,67.0
2014,Karl,Forstöðumenn ríkisstofnana,69.0
2015,Karl,Forstöðumenn ríkisstofnana,63.75
2016,Karl,Forstöðumenn ríkisstofnana,63.0
2017,Karl,Forstöðumenn ríkisstofnana,61.0
2018,Karl,Forstöðumenn ríkisstofnana,61.0
2019,Karl,Forstöðumenn ríkisstofnana,58.0
1999,Kona,Framkvæmdarstjórar,15.4
2000,Kona,Framkvæmdarstjórar,16.1
2001,Kona,Framkvæmdarstjórar,16.6
2002,Kona,Framkvæmdarstjórar,16.9
2003,Kona,Framkvæmdarstjórar,17.3
2004,Kona,Framkvæmdarstjórar,17.7
2005,Kona,Framkvæmdarstjórar,18.2
2006,Kona,Framkvæmdarstjórar,18.4
2007,Kona,Framkvæmdarstjórar,18.7
2008,Kona,Framkvæmdarstjórar,19.1
2009,Kona,Framkvæmdarstjórar,19.4
2010,Kona,Framkvæmdarstjórar,20.2
2011,Kona,Framkvæmdarstjórar,20.4
2012,Kona,Framkvæmdarstjórar,20.8
2013,Kona,Framkvæmdarstjórar,21.4
2014,Kona,Framkvæmdarstjórar,21.6
2015,Kona,Framkvæmdarstjórar,21.9
2016,Kona,Framkvæmdarstjórar,22.1
2017,Kona,Framkvæmdarstjórar,22.2
2018,Kona,Framkvæmdarstjórar,22.7
2019,Kona,Framkvæmdarstjórar,23.0
2020,Kona,Framkvæmdarstjórar,23.4
2021,Kona,Framkvæmdarstjórar,23.9
2022,Kona,Framkvæmdarstjórar,24.0
1999,Kona,Stjórnarformenn,22.4
2000,Kona,Stjórnarformenn,22.1
2001,Kona,Stjórnarformenn,21.8
2002,Kona,Stjórnarformenn,21.5
2003,Kona,Stjórnarformenn,22.1
2004,Kona,Stjórnarformenn,22.0
2005,Kona,Stjórnarformenn,21.7
2006,Kona,Stjórnarformenn,21.9
2007,Kona,Stjórnarformenn,21.9
2008,Kona,Stjórnarformenn,22.1
2009,Kona,Stjórnarformenn,22.7
2010,Kona,Stjórnarformenn,23.1
2011,Kona,Stjórnarformenn,23.5
2012,Kona,Stjórnarformenn,23.9
2013,Kona,Stjórnarformenn,23.7
2014,Kona,Stjórnarformenn,23.9
2015,Kona,Stjórnarformenn,24.1
2016,Kona,Stjórnarformenn,23.9
2017,Kona,Stjórnarformenn,23.9
2018,Kona,Stjórnarformenn,24.1
2019,Kona,Stjórnarformenn,24.3
2020,Kona,Stjórnarformenn,24.3
2021,Kona,Stjórnarformenn,24.7
2022,Kona,Stjórnarformenn,25.0
1999,Kona,Stjórnarmenn,21.9
2000,Kona,Stjórnarmenn,21.6
2001,Kona,Stjórnarmenn,21.3
2002,Kona,Stjórnarmenn,21.6
2003,Kona,Stjórnarmenn,21.9
2004,Kona,Stjórnarmenn,22.3
2005,Kona,Stjórnarmenn,22.3
2006,Kona,Stjórnarmenn,22.3
2007,Kona,Stjórnarmenn,22.5
2008,Kona,Stjórnarmenn,22.9
2009,Kona,Stjórnarmenn,23.4
2010,Kona,Stjórnarmenn,24.0
2011,Kona,Stjórnarmenn,24.5
2012,Kona,Stjórnarmenn,24.9
2013,Kona,Stjórnarmenn,25.1
2014,Kona,Stjórnarmenn,25.5
2015,Kona,Stjórnarmenn,25.9
2016,Kona,Stjórnarmenn,25.9
2017,Kona,Stjórnarmenn,26.1
2018,Kona,Stjórnarmenn,26.2
2019,Kona,Stjórnarmenn,26.4
2020,Kona,Stjórnarmenn,26.5
2021,Kona,Stjórnarmenn,27.0
2022,Kona,Stjórnarmenn,27.2
2009,Kona,Forstöðumenn ríkisstofnana,29.0
2010,Kona,Forstöðumenn ríkisstofnana,31.0
2011,Kona,Forstöðumenn ríkisstofnana,31.0
2012,Kona,Forstöðumenn ríkisstofnana,31.0
2013,Kona,Forstöðumenn ríkisstofnana,33.0
2014,Kona,Forstöðumenn ríkisstofnana,31.0
2015,Kona,Forstöðumenn ríkisstofnana,36.25
2016,Kona,Forstöðumenn ríkisstofnana,37.0
2017,Kona,Forstöðumenn ríkisstofnana,39.0
2018,Kona,Forstöðumenn ríkisstofnana,39.0
2019,Kona,Forstöðumenn ríkisstofnana,42.0
